{
    "clearSprites": {
        "Aボタンスケール": [
            192.0,
            64.0
        ],
        "Aボタンポジション": [
            920.0,
            80.0
        ],
        "Lスティックスケール": [
            192.0,
            64.0
        ],
        "Lスティックポジション": [
            1150.0,
            80.0
        ],
        "スケール": [
            200.0,
            100.0
        ],
        "セレクトステージスケール": [
            350.0,
            100.0
        ],
        "セレクトステージポジション": [
            450.0,
            600.0
        ],
        "タイムスケール": [
            200.0,
            100.0
        ],
        "タイムポジション": [
            300.0,
            260.0
        ],
        "ポジション": [
            300.0,
            460.0
        ],
        "リザルトスケール": [
            313.6000061035156,
            89.5999984741211
        ],
        "リザルトポジション": [
            280.0,
            100.0
        ],
        "一の位スケール": [
            100.0,
            100.0
        ],
        "一の位ポジション": [
            730.0,
            270.0
        ],
        "十の位スケール": [
            100.0,
            100.0
        ],
        "十の位ポジション": [
            630.0,
            270.0
        ],
        "星1スケール": [
            80.0,
            96.0
        ],
        "星1ポジション": [
            530.0,
            470.0
        ],
        "星2スケール": [
            80.0,
            96.0
        ],
        "星2ポジション": [
            700.0,
            470.0
        ],
        "星3スケール": [
            80.0,
            96.0
        ],
        "星3ポジション": [
            870.0,
            470.0
        ],
        "条件1スケール": [
            80.0,
            40.0
        ],
        "条件1ポジション": [
            530.0,
            390.0
        ],
        "条件2スケール": [
            80.0,
            40.0
        ],
        "条件2ポジション": [
            700.0,
            390.0
        ],
        "条件3スケール": [
            80.0,
            40.0
        ],
        "条件3ポジション": [
            870.0,
            390.0
        ],
        "次のステージスケール": [
            350.0,
            100.0
        ],
        "次のステージポジション": [
            900.0,
            600.0
        ],
        "百の位スケール": [
            100.0,
            100.0
        ],
        "百の位ポジション": [
            530.0,
            270.0
        ],
        "黒背景のスケール": [
            1280.0,
            720.0
        ],
        "黒背景のポジション": [
            0.0,
            0.0
        ]
    }
}
