{
    "FollowCamera": {
        "カメラのこれ以上下に行かないy座標": 12.0,
        "カメラの遅延数値": 0.10000000149011612,
        "カメラ座標のズレ": [
            0.0,
            6.610000133514404,
            -48.130001068115234
        ],
        "ゴール時のxy座標の合わせるフレーム数": 20,
        "ズームし切った時のz座標": -10.59000015258789,
        "ズームのフレーム数": 50
    }
}
