{
    "FollowCamera": {
        "カメラのこれ以上下に行かないy座標": 12.0,
        "カメラの遅延数値": 0.10000000149011612,
        "カメラ座標のズレ": [
            16.40999984741211,
            6.610000133514404,
            -60.0099983215332
        ],
        "ゴール時のxy座標の合わせるフレーム数": 20,
        "ズームし切った時のz座標": 0.10000000149011612,
        "ズームのフレーム数": 70
    }
}
