{
    "FollowCamera": {
        "カメラの遅延数値": 0.10000000149011612,
        "カメラ座標のズレ": [
            0.0,
            6.610000133514404,
            -48.130001068115234
        ]
    }
}
