{
    "Goal": {
        "ステージ_1スケール": [
            2.0,
            2.0,
            1.0
        ],
        "ステージ_1ポジション": [
            217.0,
            58.599998474121094,
            0.0
        ],
        "ステージ_2スケール": [
            2.0,
            2.0,
            1.0
        ],
        "ステージ_2ポジション": [
            169.0,
            8.600000381469727,
            0.0
        ],
        "ステージ_3スケール": [
            2.0,
            2.0,
            1.0
        ],
        "ステージ_3ポジション": [
            285.0,
            44.599998474121094,
            0.0
        ],
        "ステージ_4スケール": [
            2.0,
            2.0,
            1.0
        ],
        "ステージ_4ポジション": [
            200.0,
            8.600000381469727,
            0.0
        ],
        "ステージ_5スケール": [
            2.0,
            2.0,
            1.0
        ],
        "ステージ_5ポジション": [
            213.0,
            8.600000381469727,
            0.0
        ],
        "ステージ_6スケール": [
            2.0,
            2.0,
            1.0
        ],
        "ステージ_6ポジション": [
            196.0,
            8.600000381469727,
            0.0
        ],
        "ステージ_7スケール": [
            2.0,
            2.0,
            1.0
        ],
        "ステージ_7ポジション": [
            290.0,
            8.600000381469727,
            0.0
        ],
        "ステージ_8スケール": [
            2.0,
            2.0,
            1.0
        ],
        "ステージ_8ポジション": [
            0.0,
            0.0,
            0.0
        ]
    }
}
