{
    "Goal": {
        "スケール": [
            0.0,
            0.0,
            0.0
        ],
        "ステージ_10スケール": [
            4.0,
            4.0,
            0.0
        ],
        "ステージ_10ポジション": [
            302.0,
            12.0,
            0.0
        ],
        "ステージ_11スケール": [
            4.0,
            4.0,
            0.0
        ],
        "ステージ_11ポジション": [
            300.0,
            11.0,
            0.0
        ],
        "ステージ_12スケール": [
            4.0,
            4.0,
            0.0
        ],
        "ステージ_12ポジション": [
            425.0,
            10.0,
            0.0
        ],
        "ステージ_13スケール": [
            4.0,
            4.0,
            0.0
        ],
        "ステージ_13ポジション": [
            350.0,
            9.109999656677246,
            0.0
        ],
        "ステージ_14スケール": [
            0.0,
            0.0,
            0.0
        ],
        "ステージ_14ポジション": [
            0.0,
            0.0,
            0.0
        ],
        "ステージ_15スケール": [
            0.0,
            0.0,
            0.0
        ],
        "ステージ_15ポジション": [
            0.0,
            0.0,
            0.0
        ],
        "ステージ_16スケール": [
            0.0,
            0.0,
            0.0
        ],
        "ステージ_16ポジション": [
            0.0,
            0.0,
            0.0
        ],
        "ステージ_1スケール": [
            4.0,
            4.0,
            1.0
        ],
        "ステージ_1ポジション": [
            285.0,
            54.0,
            0.0
        ],
        "ステージ_2スケール": [
            4.0,
            4.0,
            1.0
        ],
        "ステージ_2ポジション": [
            265.4800109863281,
            27.0,
            0.0
        ],
        "ステージ_3スケール": [
            4.0,
            4.0,
            1.0
        ],
        "ステージ_3ポジション": [
            251.0,
            49.0,
            0.0
        ],
        "ステージ_4スケール": [
            4.0,
            4.0,
            1.0
        ],
        "ステージ_4ポジション": [
            350.0,
            10.15999984741211,
            0.0
        ],
        "ステージ_5スケール": [
            4.0,
            4.0,
            1.0
        ],
        "ステージ_5ポジション": [
            175.78018188476563,
            9.649999618530273,
            0.0
        ],
        "ステージ_6スケール": [
            4.0,
            4.0,
            1.0
        ],
        "ステージ_6ポジション": [
            200.0,
            34.0,
            0.0
        ],
        "ステージ_7スケール": [
            4.0,
            4.0,
            1.0
        ],
        "ステージ_7ポジション": [
            316.0,
            45.9900016784668,
            0.0
        ],
        "ステージ_8スケール": [
            4.0,
            4.0,
            1.0
        ],
        "ステージ_8ポジション": [
            316.0,
            46.0,
            0.0
        ],
        "ステージ_9スケール": [
            4.0,
            4.0,
            0.0
        ],
        "ステージ_9ポジション": [
            220.0,
            9.800000190734863,
            0.0
        ],
        "ポジション": [
            0.0,
            0.0,
            0.0
        ]
    }
}
