{
    "Goal": {
        "ステージ_1ポジション": [
            20.700000762939453,
            9.170000076293945,
            0.0
        ],
        "ステージ_2ポジション": [
            0.0,
            0.0,
            0.0
        ],
        "ステージ_3ポジション": [
            0.0,
            0.0,
            0.0
        ],
        "ステージ_4ポジション": [
            0.0,
            0.0,
            0.0
        ],
        "ステージ_5ポジション": [
            0.0,
            0.0,
            0.0
        ],
        "ステージ_6ポジション": [
            0.0,
            0.0,
            0.0
        ],
        "ステージ_7ポジション": [
            -0.7900000214576721,
            0.0,
            0.0
        ],
        "ステージ_8ポジション": [
            0.4699999988079071,
            0.0,
            0.0
        ]
    }
}
