{
    "Goal": {
        "ステージ_1スケール": [
            6.0,
            6.0,
            1.0
        ],
        "ステージ_1ポジション": [
            27.09000015258789,
            17.149999618530273,
            0.0
        ],
        "ステージ_2スケール": [
            5.0,
            5.0,
            1.0
        ],
        "ステージ_2ポジション": [
            169.80999755859375,
            11.0,
            0.0
        ],
        "ステージ_3スケール": [
            1.0,
            1.0,
            1.0
        ],
        "ステージ_3ポジション": [
            21.280000686645508,
            16.690000534057617,
            0.0
        ],
        "ステージ_4スケール": [
            1.0,
            1.0,
            1.0
        ],
        "ステージ_4ポジション": [
            0.0,
            0.0,
            0.0
        ],
        "ステージ_5スケール": [
            1.0,
            1.0,
            1.0
        ],
        "ステージ_5ポジション": [
            0.0,
            0.0,
            0.0
        ],
        "ステージ_6スケール": [
            1.0,
            1.0,
            1.0
        ],
        "ステージ_6ポジション": [
            0.0,
            0.0,
            0.0
        ],
        "ステージ_7スケール": [
            1.0,
            1.0,
            1.0
        ],
        "ステージ_7ポジション": [
            0.0,
            0.0,
            0.0
        ],
        "ステージ_8スケール": [
            1.0,
            1.0,
            1.0
        ],
        "ステージ_8ポジション": [
            0.0,
            0.0,
            0.0
        ]
    }
}
