{
    "Goal": {
        "ステージ_10スケール": [
            0.0,
            0.0,
            0.0
        ],
        "ステージ_10ポジション": [
            0.0,
            0.0,
            0.0
        ],
        "ステージ_1スケール": [
            3.0,
            3.0,
            1.0
        ],
        "ステージ_1ポジション": [
            278.0,
            48.31999969482422,
            0.0
        ],
        "ステージ_2スケール": [
            3.0,
            3.0,
            1.0
        ],
        "ステージ_2ポジション": [
            194.0,
            57.0,
            0.0
        ],
        "ステージ_3スケール": [
            3.0,
            3.0,
            1.0
        ],
        "ステージ_3ポジション": [
            328.0,
            44.599998474121094,
            0.0
        ],
        "ステージ_4スケール": [
            3.0,
            3.0,
            1.0
        ],
        "ステージ_4ポジション": [
            274.79998779296875,
            8.600000381469727,
            0.0
        ],
        "ステージ_5スケール": [
            3.0,
            3.0,
            1.0
        ],
        "ステージ_5ポジション": [
            315.0,
            8.600000381469727,
            0.0
        ],
        "ステージ_6スケール": [
            3.0,
            3.0,
            1.0
        ],
        "ステージ_6ポジション": [
            300.0,
            8.600000381469727,
            0.0
        ],
        "ステージ_7スケール": [
            3.0,
            3.0,
            1.0
        ],
        "ステージ_7ポジション": [
            198.0,
            8.600000381469727,
            0.0
        ],
        "ステージ_8スケール": [
            3.0,
            3.0,
            1.0
        ],
        "ステージ_8ポジション": [
            300.0,
            8.600000381469727,
            0.0
        ],
        "ステージ_9スケール": [
            0.0,
            0.0,
            0.0
        ],
        "ステージ_9ポジション": [
            0.0,
            0.0,
            0.0
        ]
    }
}
