{
    "Item": {
        "アイテムのスケール": 0.8199999928474426,
        "アイテムのポジション": [
            1032.0,
            73.0
        ],
        "スラッシュのスケール": 0.7099999785423279,
        "スラッシュのポジション": [
            1179.0,
            58.0
        ],
        "全体のアイテム数のポジション": [
            1224.0,
            96.0
        ],
        "取得したアイテム数のポジション": [
            1145.0,
            43.0
        ],
        "数字のスケール": 0.5299999713897705,
        "数字の間隔": 17.809999465942383,
        "通常時の上下移動一往復のフレーム数": 30,
        "通常時の回転速度": 0.20999999344348907
    }
}
