{
    "Item": {
        "アイテムのスケール": -0.9900000095367432,
        "アイテムのポジション": [
            1027.0,
            58.0
        ],
        "スラッシュのスケール": 0.6299999952316284,
        "スラッシュのポジション": [
            1179.0,
            51.0
        ],
        "全体のアイテム数のポジション": [
            1221.0,
            85.0
        ],
        "取得したアイテム数のポジション": [
            1145.0,
            36.0
        ],
        "数字のスケール": 0.41999998688697815,
        "数字の間隔": 15.65999984741211,
        "通常時の上下移動一往復のフレーム数": 200,
        "通常時の回転速度": 0.05000000074505806
    }
}
