{
    "Item": {
        "アイテムのポジション": [
            831.0,
            80.0
        ],
        "スラッシュのポジション": [
            1090.0,
            58.0
        ],
        "全体のアイテム数のポジション": [
            1184.0,
            99.0
        ],
        "取得したアイテム数のポジション": [
            1010.0,
            33.0
        ],
        "数字の間隔": 29.1299991607666,
        "通常時の上下移動一往復のフレーム数": 30,
        "通常時の回転速度": 0.20999999344348907
    }
}
