{
    "Nedle": {
        "最高速度": 0.6200000047683716,
        "生成し始めて落ちる始めるまでのフレーム": 30,
        "生成するまでのインターバルフレーム": 60,
        "重力加速度": -0.03999999910593033
    }
}
