{
    "Nedle": {
        "最高速度": 0.6200000047683716,
        "生成し始めて落ちる始めるまでのフレーム": 20,
        "生成するまでのインターバルフレーム": 70,
        "重力加速度": -0.03999999910593033
    }
}
