{
    "Player": {
        "ジャンプ時の初速": 1.1200000047683716,
        "移動スピード": 0.5,
        "重力加速度": -0.05000000074505806,
        "降下中の重力加速": -0.029999999329447746
    }
}
