{
    "Player": {
        "2段ジャンプの倍率": 1.2899999618530273,
        "2段ジャンプの猶予フレーム": 30,
        "クリア時にかけるフレーム数": 60,
        "クリア時の回転の速さ": 0.25,
        "ジャンプのx軸の加速度": 0.11999999731779099,
        "ジャンプのx軸の最大の速度": 0.8100000023841858,
        "ジャンプ時のプレイヤーの回転スピード": 0.8500000238418579,
        "ジャンプ時の初速": 1.159999966621399,
        "初期座標": [
            10.0,
            10.399999618530273,
            0.0
        ],
        "壁ずり時の落下加速度": -0.029999999329447746,
        "壁に捕まって動かないフレーム数": 30,
        "壁キック時のx軸の初速": 0.5600000023841858,
        "壁キック時のy軸の初速": 0.8299999833106995,
        "移動スピード": 0.30000001192092896,
        "重力加速度": -0.09000000357627869,
        "降下中の重力加速": -0.03999999910593033
    }
}
