{
    "Player": {
        "ジャンプのx軸の加速度": 0.11999999731779099,
        "ジャンプのx軸の最大の速度": 0.8100000023841858,
        "ジャンプ時の初速": 1.159999966621399,
        "初期座標": [
            10.0,
            10.399999618530273,
            0.0
        ],
        "壁に捕まって動かないフレーム数": 30,
        "移動スピード": 0.30000001192092896,
        "重力加速度": -0.09000000357627869,
        "降下中の重力加速": -0.03999999910593033
    }
}
