{
    "Player": {
        "ジャンプ時の初速": 1.1200000047683716,
        "初期座標": [
            10.930000305175781,
            10.399999618530273,
            0.0
        ],
        "移動スピード": 0.5,
        "重力加速度": -0.05000000074505806,
        "降下中の重力加速": -0.029999999329447746
    }
}
