{
    "selectSprites": {
        "Lスティックの押し込みで止めるフレーム": 15,
        "ステージの小さい方のスケール": 0.4000000059604645,
        "ステージ枠のy座標": 384.17999267578125,
        "ステージ枠の間隔": 400.0,
        "セレクトのポジション": [
            640.0,
            80.0
        ],
        "タイトルへのポジション": [
            137.0,
            35.0
        ],
        "タイマーのスケール": 0.0,
        "タイマーのポジション": [
            561.0,
            299.0
        ],
        "数字のスケール": 0.5699999928474426,
        "数字のポジション": [
            803.0,
            208.0
        ],
        "数字の間隔": 20.0,
        "星のフレームのポジション": [
            640.0,
            595.0
        ],
        "決定Aのポジション": [
            950.0,
            600.0
        ],
        "目標タイムのスケール": 1.2100000381469727,
        "目標タイムポジション": [
            598.0,
            204.0
        ],
        "真ん中のステージ変化のフレーム": 120,
        "移動フレーム": 20,
        "評価スターのy座標": 600.0,
        "評価スターの間隔": 100.0,
        "選択のポジション": [
            1150.0,
            600.0
        ]
    }
}
