{
    "Timer": {
        "タイマーのスケール": 1.0,
        "タイマーのポジション": [
            582.0,
            47.0
        ],
        "数字のスケール": 0.6499999761581421,
        "数字のポジション": [
            686.0,
            35.0
        ],
        "数字の間隔": 40.86000061035156
    }
}
