{
    "プレイヤー": {
        "ジャンプ時の初速": 1.100000023841858,
        "移動スピード": 0.30000001192092896,
        "重力加速度": -0.05000000074505806,
        "降下中の重力加速": -0.029999999329447746
    }
}
